Ивкина;Мария;Университет;Факультет;Кафедра;19;3;3;Москва
Петров;Сергей;Университет;Факультет;Кафедра;21;5;5;Москва
Бойцова ;Екатерина;Университет;Факультет;Кафедра;22;6;6;Москва
Максимов;Иван;Университет;Факультет;Кафедра;17;1;1;Москва
Иванова;Наталья;Университет;Факультет;Кафедра;19;3;3;Москва
Синицин;Николай;Университет;Факультет;Кафедра;18;1;1;Москва
Васечкин;Петр;Университет;Факультет;Кафедра;20;4;4;Москва
Круглова;Светлана;Университет;Факультет;Кафедра;20;4;4;Москва
Сидоров;Роман;Университет;Факультет;Кафедра;17;1;1;Москва
Шарова;Екатерина;Университет;Факультет;Кафедра;22;6;6;Москва
Козлова;Татьяна;Университет;Факультет;Кафедра;19;3;3;Москва
Рыбакова;Анна;Университет;Факультет;Кафедра;18;2;2;Москва
Белова;Ольга;Университет;Факультет;Кафедра;21;5;5;Москва
Лебедев;Михаил;Университет;Факультет;Кафедра;19;3;3;Москва
Шмелев;Андрей;Университет;Факультет;Кафедра;20;4;4;Москва
